Store code,Business name,Address line 1,Address line 2,Address line 3,Address line 4,Address line 5,Sub-locality,Locality,Administrative area,Country / Region,Postal code,Latitude,Longitude,Primary phone,Additional phones,Website,Primary category,Additional categories,Sunday hours,Monday hours,Tuesday hours,Wednesday hours,Thursday hours,Friday hours,Saturday hours,Special hours,From the business,Opening date,Logo photo,Cover photo,Other photos,Labels,AdWords location extensions phone
ES-001,Cherokee Academy by Early Start Early Learning,1205 Upper Burris Road,,,,,,Canton,GA,US,30114,,,+1 470-319-8104,,https://chromaearlystart.com/locations/cherokee-academy/,Pediatric Clinic,"Occupational Therapist,Speech Pathologist,Mental Health Clinic",x,08:00-17:00,08:00-17:00,08:00-17:00,08:00-17:00,08:00-17:00,x,,"Early Start provides pediatric ABA, speech, and occupational therapy in a warm, play-led setting. We support neurodivergent children ages 18 months to 12 years with evidence-based care.",,,,,Region:Cherokee;Service:ABA-Speech-OT,
ES-002,East Cobb Campus,2499 Shallowford Road NE,,,,,,Marietta,GA,US,30066,,,+1 470-319-8104,,https://chromaearlystart.com/locations/east-cobb-campus/,Pediatric Clinic,"Occupational Therapist,Speech Pathologist,Mental Health Clinic",x,08:00-17:00,08:00-17:00,08:00-17:00,08:00-17:00,08:00-17:00,x,,"Early Start provides pediatric ABA, speech, and occupational therapy in a warm, play-led setting. We support neurodivergent children ages 18 months to 12 years with evidence-based care.",,,,,Region:Cobb;Service:ABA-Speech-OT,
ES-003,Ellenwood Campus,2765 E Atlanta Rd,,,,,,Ellenwood,GA,US,30294,,,+1 470-319-8104,,https://chromaearlystart.com/locations/ellenwood-campus/,Pediatric Clinic,"Occupational Therapist,Speech Pathologist,Mental Health Clinic",x,08:00-17:00,08:00-17:00,08:00-17:00,08:00-17:00,08:00-17:00,x,,"Early Start provides pediatric ABA, speech, and occupational therapy in a warm, play-led setting. We support neurodivergent children ages 18 months to 12 years with evidence-based care.",,,,,Region:Dekalb;Service:ABA-Speech-OT,
ES-004,Johns Creek,3580 Old Alabama Rd,,,,,,Johns Creek,GA,US,30005,,,+1 470-319-8104,,https://chromaearlystart.com/locations/johns-creek-campus/,Pediatric Clinic,"Occupational Therapist,Speech Pathologist,Mental Health Clinic",x,08:00-17:00,08:00-17:00,08:00-17:00,08:00-17:00,08:00-17:00,x,,"Early Start provides pediatric ABA, speech, and occupational therapy in a warm, play-led setting. We support neurodivergent children ages 18 months to 12 years with evidence-based care.",,,,,Region:Fulton;Service:ABA-Speech-OT,
ES-005,Jonesboro Campus,1832 Noahs Ark Road,,,,,,Jonesboro,GA,US,30236,,,+1 470-319-8104,,https://chromaearlystart.com/locations/jonesboro-campus/,Pediatric Clinic,"Occupational Therapist,Speech Pathologist,Mental Health Clinic",x,08:00-17:00,08:00-17:00,08:00-17:00,08:00-17:00,08:00-17:00,x,,"Early Start provides pediatric ABA, speech, and occupational therapy in a warm, play-led setting. We support neurodivergent children ages 18 months to 12 years with evidence-based care.",,,,,Region:Clayton;Service:ABA-Speech-OT,
ES-006,Lawrenceville Campus,3650 Club Drive,,,,,,Lawrenceville,GA,US,30044,,,+1 470-319-8104,,https://chromaearlystart.com/locations/lawrenceville-campus/,Pediatric Clinic,"Occupational Therapist,Speech Pathologist,Mental Health Clinic",x,08:00-17:00,08:00-17:00,08:00-17:00,08:00-17:00,08:00-17:00,x,,"Early Start provides pediatric ABA, speech, and occupational therapy in a warm, play-led setting. We support neurodivergent children ages 18 months to 12 years with evidence-based care.",,,,,Region:Gwinnett;Service:ABA-Speech-OT,
ES-007,Lilburn Campus,917 Killian Hill Road Southwest,,,,,,Lilburn,GA,US,30047,,,+1 470-319-8104,,https://chromaearlystart.com/locations/lilburn-campus/,Pediatric Clinic,"Occupational Therapist,Speech Pathologist,Mental Health Clinic",x,08:00-17:00,08:00-17:00,08:00-17:00,08:00-17:00,08:00-17:00,x,,"Early Start provides pediatric ABA, speech, and occupational therapy in a warm, play-led setting. We support neurodivergent children ages 18 months to 12 years with evidence-based care.",,,,,Region:Gwinnett;Service:ABA-Speech-OT,
ES-008,Mcdonough,90 Hunters Chase,,,,,,Mcdonough,GA,US,30253,,,+1 470-319-8104,,https://chromaearlystart.com/locations/mcdonough-campus/,Pediatric Clinic,"Occupational Therapist,Speech Pathologist,Mental Health Clinic",x,08:00-17:00,08:00-17:00,08:00-17:00,08:00-17:00,08:00-17:00,x,,"Early Start provides pediatric ABA, speech, and occupational therapy in a warm, play-led setting. We support neurodivergent children ages 18 months to 12 years with evidence-based care.",,,,,Region:Henry;Service:ABA-Speech-OT,
ES-009,Midway Campus,4015 Discovery Dr,,,,,,Alpharetta,GA,US,30004,,,+1 470-319-8104,,https://chromaearlystart.com/locations/midway-campus/,Pediatric Clinic,"Occupational Therapist,Speech Pathologist,Mental Health Clinic",x,08:00-17:00,08:00-17:00,08:00-17:00,08:00-17:00,08:00-17:00,x,,"Early Start provides pediatric ABA, speech, and occupational therapy in a warm, play-led setting. We support neurodivergent children ages 18 months to 12 years with evidence-based care.",,,,,Region:Fulton;Service:ABA-Speech-OT,
ES-010,Newnan Campus,40 Bledsoe Rd,,,,,,Newnan,GA,US,30265,,,+1 470-319-8104,,https://chromaearlystart.com/locations/newnan-campus/,Pediatric Clinic,"Occupational Therapist,Speech Pathologist,Mental Health Clinic",x,08:00-17:00,08:00-17:00,08:00-17:00,08:00-17:00,08:00-17:00,x,,"Early Start provides pediatric ABA, speech, and occupational therapy in a warm, play-led setting. We support neurodivergent children ages 18 months to 12 years with evidence-based care.",,,,,Region:Coweta;Service:ABA-Speech-OT,
ES-011,"North Hall Campus, Murraysville",5760 Wade Whelchel Road,,,,,,Murrayville,GA,US,30564,,,+1 470-319-8104,,https://chromaearlystart.com/locations/north-hall-campus/,Pediatric Clinic,"Occupational Therapist,Speech Pathologist,Mental Health Clinic",x,08:00-17:00,08:00-17:00,08:00-17:00,08:00-17:00,08:00-17:00,x,,"Early Start provides pediatric ABA, speech, and occupational therapy in a warm, play-led setting. We support neurodivergent children ages 18 months to 12 years with evidence-based care.",,,,,Region:Hall;Service:ABA-Speech-OT,
ES-012,"Pleasanthill Campus, Duluth",3152 Creek Dr NW,,,,,,Duluth,GA,US,30096,,,+1 470-319-8104,,https://chromaearlystart.com/locations/pleasanthill-campus/,Pediatric Clinic,"Occupational Therapist,Speech Pathologist,Mental Health Clinic",x,08:00-17:00,08:00-17:00,08:00-17:00,08:00-17:00,08:00-17:00,x,,"Early Start provides pediatric ABA, speech, and occupational therapy in a warm, play-led setting. We support neurodivergent children ages 18 months to 12 years with evidence-based care.",,,,,Region:Gwinnett;Service:ABA-Speech-OT,
ES-013,Rivergreen Campus,200 River Green Avenue,,,,,,Canton,GA,US,30114,,,+1 470-319-8104,,https://chromaearlystart.com/locations/rivergreen-campus/,Pediatric Clinic,"Occupational Therapist,Speech Pathologist,Mental Health Clinic",x,08:00-17:00,08:00-17:00,08:00-17:00,08:00-17:00,08:00-17:00,x,,"Early Start provides pediatric ABA, speech, and occupational therapy in a warm, play-led setting. We support neurodivergent children ages 18 months to 12 years with evidence-based care.",,,,,Region:Cherokee;Service:ABA-Speech-OT,
ES-014,Roswell Campus,1255 Upper Hembree Road,,,,,,Roswell,GA,US,30076,,,+1 470-319-8104,,https://chromaearlystart.com/locations/roswell-campus/,Pediatric Clinic,"Occupational Therapist,Speech Pathologist,Mental Health Clinic",x,08:00-17:00,08:00-17:00,08:00-17:00,08:00-17:00,08:00-17:00,x,,"Early Start provides pediatric ABA, speech, and occupational therapy in a warm, play-led setting. We support neurodivergent children ages 18 months to 12 years with evidence-based care.",,,,,Region:Fulton;Service:ABA-Speech-OT,
ES-015,Satellite Bvd Campus,3730 Satellite Boulevard,,,,,,Duluth,GA,US,30096,,,+1 470-319-8104,,https://chromaearlystart.com/locations/satellite-blvd-campus/,Pediatric Clinic,"Occupational Therapist,Speech Pathologist,Mental Health Clinic",x,08:00-17:00,08:00-17:00,08:00-17:00,08:00-17:00,08:00-17:00,x,,"Early Start provides pediatric ABA, speech, and occupational therapy in a warm, play-led setting. We support neurodivergent children ages 18 months to 12 years with evidence-based care.",,,,,Region:Gwinnett;Service:ABA-Speech-OT,
ES-016,"South Cobb Campus, Austell",7225 Premier Lane,,,,,,Austell,GA,US,30168,,,+1 470-319-8104,,https://chromaearlystart.com/locations/south-cobb-campus/,Pediatric Clinic,"Occupational Therapist,Speech Pathologist,Mental Health Clinic",x,08:00-17:00,08:00-17:00,08:00-17:00,08:00-17:00,08:00-17:00,x,,"Early Start provides pediatric ABA, speech, and occupational therapy in a warm, play-led setting. We support neurodivergent children ages 18 months to 12 years with evidence-based care.",,,,,Region:Cobb;Service:ABA-Speech-OT,
ES-017,Tramore Campus,2081 Mesa Valley Way,,,,,,Austell,GA,US,30106,,,+1 470-319-8104,,https://chromaearlystart.com/locations/tramore-campus/,Pediatric Clinic,"Occupational Therapist,Speech Pathologist,Mental Health Clinic",x,08:00-17:00,08:00-17:00,08:00-17:00,08:00-17:00,08:00-17:00,x,,"Early Start provides pediatric ABA, speech, and occupational therapy in a warm, play-led setting. We support neurodivergent children ages 18 months to 12 years with evidence-based care.",,,,,Region:Cobb;Service:ABA-Speech-OT,
ES-018,Tyrone Campus,291 Jenkins Road,,,,,,Tyrone,GA,US,30290,,,+1 470-319-8104,,https://chromaearlystart.com/locations/tyrone-campus/,Pediatric Clinic,"Occupational Therapist,Speech Pathologist,Mental Health Clinic",x,08:00-17:00,08:00-17:00,08:00-17:00,08:00-17:00,08:00-17:00,x,,"Early Start provides pediatric ABA, speech, and occupational therapy in a warm, play-led setting. We support neurodivergent children ages 18 months to 12 years with evidence-based care.",,,,,Region:Fayette;Service:ABA-Speech-OT,
ES-019,West Cobb Campus,2424 Powder Springs Rd SW,,,,,,Marietta,GA,US,30064,,,+1 470-319-8104,,https://chromaearlystart.com/locations/west-cobb-campus/,Pediatric Clinic,"Occupational Therapist,Speech Pathologist,Mental Health Clinic",x,08:00-17:00,08:00-17:00,08:00-17:00,08:00-17:00,08:00-17:00,x,,"Early Start provides pediatric ABA, speech, and occupational therapy in a warm, play-led setting. We support neurodivergent children ages 18 months to 12 years with evidence-based care.",,,,,Region:Cobb;Service:ABA-Speech-OT,
