Attribute,Attribute type,Acceptable values
Accessibility: Assisted listening devices (has_assisted_listening_devices),Yes/no,"Yes, No"
Accessibility: Assistive hearing loop (has_hearing_loop),Yes/no,"Yes, No"
Accessibility: Auracast broadcast audio (has_auracast_broadcast_audio),Yes/no,"Yes, No"
Accessibility: Passenger loading area (has_passenger_loading_area),Yes/no,"Yes, No"
Accessibility: Wheelchair accessible entrance (has_wheelchair_accessible_entrance),Yes/no,"Yes, No"
Accessibility: Wheelchair accessible parking lot (has_wheelchair_accessible_parking),Yes/no,"Yes, No"
Accessibility: Wheelchair accessible restroom (has_wheelchair_accessible_restroom),Yes/no,"Yes, No"
Accessibility: Wheelchair accessible seating (has_wheelchair_accessible_seating),Yes/no,"Yes, No"
Accessibility: Wheelchair rental (wheelchair_rental_offerings): Motorized (motorized_wheelchairs),Yes/no,"Yes, No"
Accessibility: Wheelchair rental (wheelchair_rental_offerings): Non-motorized (non_motorized_wheelchairs),Yes/no,"Yes, No"
Activities: Accepting food donations (accepts_non_monetary_donations),Yes/no,"Yes, No"
Activities: Accepting monetary donations (accepts_monetary_donations),Yes/no,"Yes, No"
Activities: Accepting new volunteers (accepts_new_volunteers),Yes/no,"Yes, No"
Activities: Bicycle rental (has_bicycles_for_rent),Yes/no,"Yes, No"
Activities: Driving range (has_driving_range),Yes/no,"Yes, No"
Activities: Eighteen hole course (can_play_eighteen_hole_course),Yes/no,"Yes, No"
Activities: Go karts (has_go_karts),Yes/no,"Yes, No"
Activities: Hiking (has_hiking),Yes/no,"Yes, No"
Activities: Lazy river (has_lazy_river),Yes/no,"Yes, No"
Activities: Mini golf (has_mini_golf),Yes/no,"Yes, No"
Activities: Nine hole course (can_play_nine_hole_course),Yes/no,"Yes, No"
Activities: Touch tank (has_touch_tank),Yes/no,"Yes, No"
Activities: Wave pool (has_wave_pool),Yes/no,"Yes, No"
Amenities: Air conditioning (has_air_conditioning),Yes/no,"Yes, No"
Amenities: Baggage storage (has_baggage_storage),Yes/no,"Yes, No"
Amenities: Bar onsite (has_bar_onsite),Yes/no,"Yes, No"
Amenities: Barbecue grill (has_barbecue_grill),Yes/no,"Yes, No"
Amenities: Baseball field (has_baseball_field),Yes/no,"Yes, No"
Amenities: Basketball court (has_basketball_court),Yes/no,"Yes, No"
Amenities: Beach access (has_beach_access),Yes/no,"Yes, No"
Amenities: Bedrock bath (has_bedrock_bath),Yes/no,"Yes, No"
Amenities: Business center (has_business_center),Yes/no,"Yes, No"
Amenities: Cabana rental (has_cabana_rental),Yes/no,"Yes, No"
Amenities: Cafe (has_cafe),Yes/no,"Yes, No"
Amenities: Car vacuum (has_car_vacuum),Yes/no,"Yes, No"
Amenities: Cellular service (has_cellular_service),Yes/no,"Yes, No"
Amenities: Child care (has_child_care),Yes/no,"Yes, No"
Amenities: Concierge (has_concierge),Yes/no,"Yes, No"
Amenities: Convenience store (has_onsite_convenience_store),Yes/no,"Yes, No"
Amenities: Cycling lanes (has_cycling_lanes),Yes/no,"Yes, No"
Amenities: Day-use private bath (has_day_use_private_bath),Yes/no,"Yes, No"
Amenities: Elevator (has_elevator),Yes/no,"Yes, No"
Amenities: Fitness center (has_fitness_center),Yes/no,"Yes, No"
Amenities: Free vacuums (has_free_vacuums),Yes/no,"Yes, No"
Amenities: Free-flowing onsen (has_gensen_kakenagashi),Yes/no,"Yes, No"
Amenities: Gender-neutral restroom (has_restroom_unisex),Yes/no,"Yes, No"
Amenities: Golf course (has_golf_course),Yes/no,"Yes, No"
Amenities: Golf simulator (has_golf_simulator),Yes/no,"Yes, No"
Amenities: Has a tennis court (has_tennis_courts),Yes/no,"Yes, No"
Amenities: Hot tub (has_hot_tub),Yes/no,"Yes, No"
Amenities: In-unit washer/dryer (has_in_unit_washer_dryer),Yes/no,"Yes, No"
Amenities: Lie-down bath (has_lie_down_bath),Yes/no,"Yes, No"
Amenities: Lockers available (has_lockers),Yes/no,"Yes, No"
Amenities: Maintenance (has_onsite_maintenance),Yes/no,"Yes, No"
Amenities: Mechanic (has_mechanic),Yes/no,"Yes, No"
Amenities: Membership (offers_membership),Yes/no,"Yes, No"
Amenities: Natural onsen (has_natural_onsen),Yes/no,"Yes, No"
Amenities: Offers tours (offers_tours),Yes/no,"Yes, No"
Amenities: Online scheduling (has_online_scheduling),Yes/no,"Yes, No"
Amenities: Onsen water types (onsen_water_types): Acidic spring (acidic_spring),Yes/no,"Yes, No"
Amenities: Onsen water types (onsen_water_types): Carbon dioxide spring (carbon_dioxide_spring),Yes/no,"Yes, No"
Amenities: Onsen water types (onsen_water_types): Carbonated spring (carbonated_spring),Yes/no,"Yes, No"
Amenities: Onsen water types (onsen_water_types): Chloride spring (chloride_spring),Yes/no,"Yes, No"
Amenities: Onsen water types (onsen_water_types): Ferruginous spring (ferruginous_spring),Yes/no,"Yes, No"
Amenities: Onsen water types (onsen_water_types): Iodine-containing spring (iodine_containing_spring),Yes/no,"Yes, No"
Amenities: Onsen water types (onsen_water_types): Radioactive spring (radioactive_spring),Yes/no,"Yes, No"
Amenities: Onsen water types (onsen_water_types): Simple spring (simple_spring),Yes/no,"Yes, No"
Amenities: Onsen water types (onsen_water_types): Sulphate spring (sulphate_spring),Yes/no,"Yes, No"
Amenities: Onsen water types (onsen_water_types): Sulphur spring (sulphur_spring),Yes/no,"Yes, No"
Amenities: Open-air bath (has_open_air_bath),Yes/no,"Yes, No"
Amenities: Outdoor Space (has_private_outdoor_space),Yes/no,"Yes, No"
Amenities: Party services (has_party_services),Yes/no,"Yes, No"
Amenities: Pets welcome (welcomes_pets),Yes/no,"Yes, No"
Amenities: Petting zoo (has_petting_zoo),Yes/no,"Yes, No"
Amenities: Picnic tables (has_picnic_tables),Yes/no,"Yes, No"
Amenities: Public restroom (has_restroom_public),Yes/no,"Yes, No"
Amenities: Public shower (has_showers_public),Yes/no,"Yes, No"
Amenities: Rest area (has_rest_area),Yes/no,"Yes, No"
Amenities: Restaurant (has_restaurant),Yes/no,"Yes, No"
Amenities: Restroom (has_restroom),Yes/no,"Yes, No"
Amenities: Running water (has_running_water),Yes/no,"Yes, No"
Amenities: Skateboarding area (has_skateboard_area),Yes/no,"Yes, No"
Amenities: Slides (has_playground_slides),Yes/no,"Yes, No"
Amenities: Smoke-free place (is_smoke_free_property),Yes/no,"Yes, No"
Amenities: Spa (has_spa),Yes/no,"Yes, No"
Amenities: Stadium seating (has_stadium_seating),Yes/no,"Yes, No"
Amenities: Swimming pool (has_swimming_pool),Yes/no,"Yes, No"
Amenities: Swimming pool (swimming_pool_offerings): Indoor (indoor_pool),Yes/no,"Yes, No"
Amenities: Swimming pool (swimming_pool_offerings): Outdoor (outdoor_pool),Yes/no,"Yes, No"
Amenities: Swings (has_playground_swings),Yes/no,"Yes, No"
Amenities: Tent sites (has_tent_site),Yes/no,"Yes, No"
Amenities: Towels (has_towels),Yes/no,"Yes, No"
Amenities: Volleyball court (has_volleyball_court),Yes/no,"Yes, No"
Atmosphere: Shower (has_shower),Yes/no,"Yes, No"
Children: Discounts for kids (has_discounts_for_kids),Yes/no,"Yes, No"
Children: Family discount (has_discounts_for_families),Yes/no,"Yes, No"
Children: Good for kids (welcomes_children),Yes/no,"Yes, No"
Children: Has changing table(s) (has_changing_tables),Yes/no,"Yes, No"
Children: High chairs (has_high_chairs),Yes/no,"Yes, No"
Children: Kid-friendly activities (has_kid_friendly_activities),Yes/no,"Yes, No"
Children: Kids' menu (has_childrens_menu),Yes/no,"Yes, No"
Children: Nursing room (has_lactation_space),Yes/no,"Yes, No"
Children: Playground (has_area_play),Yes/no,"Yes, No"
Crowd: Family-friendly (welcomes_families),Yes/no,"Yes, No"
Crowd: LGBTQ+ friendly (welcomes_lgbtq),Yes/no,"Yes, No"
Crowd: Transgender safespace (is_transgender_safespace),Yes/no,"Yes, No"
Deities Represented: Brahma (has_deity_brahma_represented),Yes/no,"Yes, No"
Deities Represented: Durga (has_deity_durga_represented),Yes/no,"Yes, No"
Deities Represented: Hanuman (has_deity_hanuman_represented),Yes/no,"Yes, No"
Deities Represented: Krishna (has_deity_krishna_represented),Yes/no,"Yes, No"
Deities Represented: Lakshmi (has_deity_lakshmi_represented),Yes/no,"Yes, No"
Deities Represented: Mahavira (has_deity_mahavira_represented),Yes/no,"Yes, No"
Deities Represented: Neminatha (has_deity_neminatha_represented),Yes/no,"Yes, No"
Deities Represented: Parshvanatha (has_deity_parshvanatha_represented),Yes/no,"Yes, No"
Deities Represented: Rama (has_deity_rama_represented),Yes/no,"Yes, No"
Deities Represented: Rishabhanatha (has_deity_rishabhanatha_represented),Yes/no,"Yes, No"
Deities Represented: Sai Baba (has_deity_sai_baba_represented),Yes/no,"Yes, No"
Deities Represented: Shiva (has_deity_shiva_represented),Yes/no,"Yes, No"
Deities Represented: Vishnu (has_deity_vishnu_represented),Yes/no,"Yes, No"
Dining options: Breakfast (serves_breakfast),Yes/no,"Yes, No"
Dining options: Brunch (serves_brunch),Yes/no,"Yes, No"
Dining options: Catering (has_catering),Yes/no,"Yes, No"
Dining options: Counter service (has_counter_service),Yes/no,"Yes, No"
Dining options: Dessert (serves_dessert),Yes/no,"Yes, No"
Dining options: Dinner (serves_dinner),Yes/no,"Yes, No"
Dining options: Lunch (serves_lunch),Yes/no,"Yes, No"
Dining options: Outside food allowed (allows_outside_food),Yes/no,"Yes, No"
Dining options: Pay ahead (has_order_and_pay_ahead),Yes/no,"Yes, No"
Dining options: Seating (has_seating),Yes/no,"Yes, No"
Dining options: Table service (has_table_service),Yes/no,"Yes, No"
Emergency help: Accepts donations (accepts_donations_during_crisis),Yes/no,"Yes, No"
Emergency help: Employs displaced individuals (offers_employment_during_crisis),Yes/no,"Yes, No"
Emergency help: Needs volunteers (needs_volunteers_during_crisis),Yes/no,"Yes, No"
Emergency help: Offers accommodation for refugees (offers_refuge_during_crisis),Yes/no,"Yes, No"
Emergency help: Offers free legal help (offers_free_legal_help_during_crisis),Yes/no,"Yes, No"
Emergency help: Offers free products or services (offers_free_products_services_during_crisis),Yes/no,"Yes, No"
Emergency help: Offers transportation (offers_transportation_during_crisis),Yes/no,"Yes, No"
Exams: CAT (offers_cat_exam_prep),Yes/no,"Yes, No"
Exams: CBSE Board (offers_cbse_board_exam_prep),Yes/no,"Yes, No"
Exams: CTET (offers_ctet_exam_prep),Yes/no,"Yes, No"
Exams: Civil Services (offers_civil_services_exam_prep),Yes/no,"Yes, No"
Exams: GATE (offers_gate_exam_prep),Yes/no,"Yes, No"
Exams: IBPS Clerk (offers_ibps_clerk_exam_prep),Yes/no,"Yes, No"
Exams: IBPS RBB (offers_ibps_rrb_exam_prep),Yes/no,"Yes, No"
Exams: ICSE Board (offers_icse_board_exam_prep),Yes/no,"Yes, No"
Exams: JEE (offers_jee_exam_prep),Yes/no,"Yes, No"
Exams: JNVST (offers_jnvst_exam_prep),Yes/no,"Yes, No"
Exams: LIC AAO (offers_lic_aao_exam_prep),Yes/no,"Yes, No"
Exams: NEET (offers_neet_exam_prep),Yes/no,"Yes, No"
Exams: SBI Clerk (offers_sbi_clerk_exam_prep),Yes/no,"Yes, No"
Exams: SSC CGL (offers_ssc_cgl_exam_prep),Yes/no,"Yes, No"
Exams: SSC Government (offers_ssc_government_exam_prep),Yes/no,"Yes, No"
Exams: UGC Net (offers_ugc_net_exam_prep),Yes/no,"Yes, No"
Exams: UPSC Government (offers_upsc_government_exam_prep),Yes/no,"Yes, No"
From the business: Identifies as Asian-owned (is_owned_by_asian),Yes/no,"Yes, No"
From the business: Identifies as Black-owned (is_black_owned),Yes/no,"Yes, No"
From the business: Identifies as Indigenous-owned (is_owned_by_indigenous),Yes/no,"Yes, No"
From the business: Identifies as LGBTQ+ owned (is_owned_by_lgbtq),Yes/no,"Yes, No"
From the business: Identifies as Latino-owned (is_owned_by_latinx),Yes/no,"Yes, No"
From the business: Identifies as disabled-owned (is_owned_by_disability),Yes/no,"Yes, No"
From the business: Identifies as veteran-owned (is_owned_by_veterans),Yes/no,"Yes, No"
From the business: Identifies as women-owned (is_owned_by_women),Yes/no,"Yes, No"
From the business: Small business (is_small_business),Yes/no,"Yes, No"
Getting here: 24-hour transit available (has_transit_24_hours),Yes/no,"Yes, No"
Highlights: 3D movies (has_movies_3D),Yes/no,"Yes, No"
Highlights: Active military discounts (has_discounts_for_active_military),Yes/no,"Yes, No"
Highlights: All you can drink (has_all_you_can_drink),Yes/no,"Yes, No"
Highlights: Bar games (has_bar_games),Yes/no,"Yes, No"
Highlights: Cabaret (has_cabaret),Yes/no,"Yes, No"
Highlights: Fireplace (has_fireplace),Yes/no,"Yes, No"
Highlights: Karaoke (has_karaoke_nights),Yes/no,"Yes, No"
Highlights: Live music (has_live_music),Yes/no,"Yes, No"
Highlights: Live performances (has_live_performances),Yes/no,"Yes, No"
Highlights: Rooftop seating (has_seating_rooftop),Yes/no,"Yes, No"
Highlights: Serves local specialty (local_specialty),Yes/no,"Yes, No"
Highlights: Sports (suitable_for_watching_sports),Yes/no,"Yes, No"
Highlights: Trivia night (has_trivia_night),Yes/no,"Yes, No"
Offerings: Aadhaar updates (offers_aadhaar_updates),Yes/no,"Yes, No"
Offerings: Affiliated with CBSE  (affiliated_with_cbse_board),Yes/no,"Yes, No"
Offerings: Affiliated with CISCE  (affiliated_with_cisce_board),Yes/no,"Yes, No"
Offerings: Alcohol (serves_alcohol),Yes/no,"Yes, No"
Offerings: All you can eat (has_all_you_can_eat_always),Yes/no,"Yes, No"
Offerings: Arcade games (has_arcade_games),Yes/no,"Yes, No"
Offerings: Assembly service (has_service_assembly),Yes/no,"Yes, No"
Offerings: Bakery (has_bakery),Yes/no,"Yes, No"
Offerings: Beer (serves_beer),Yes/no,"Yes, No"
Offerings: Beverages (offers_beverage),Yes/no,"Yes, No"
Offerings: Bike storage (has_secure_bicycle_storage),Yes/no,"Yes, No"
Offerings: Braille menu (has_braille_menu),Yes/no,"Yes, No"
Offerings: Burial service (offers_burial_service),Yes/no,"Yes, No"
Offerings: Buys used goods (buys_goods_used),Yes/no,"Yes, No"
Offerings: CNG (offers_compressed_natural_gas),Yes/no,"Yes, No"
Offerings: Car rental (has_car_rental),Yes/no,"Yes, No"
Offerings: Car wash (has_car_wash),Yes/no,"Yes, No"
Offerings: Card enrollment  (offers_aadhaar_adult_enrollment),Yes/no,"Yes, No"
Offerings: Card enrollment for children 5 and younger (offers_aadhaar_children_enrollment),Yes/no,"Yes, No"
Offerings: Cash advance (has_cash_advance),Yes/no,"Yes, No"
Offerings: Check cashing (has_check_cashing),Yes/no,"Yes, No"
Offerings: Cocktails (serves_cocktails),Yes/no,"Yes, No"
Offerings: Coffee (serves_coffee),Yes/no,"Yes, No"
Offerings: Comfort food (serves_comfort_food),Yes/no,"Yes, No"
Offerings: Cosmetic dentistry (offers_cosmetic_dentistry),Yes/no,"Yes, No"
Offerings: Cremation service (offers_cremation_service),Yes/no,"Yes, No"
Offerings: Cuisine (cuisine_types): American (american),Yes/no,"Yes, No"
Offerings: Cuisine (cuisine_types): Asian (asian),Yes/no,"Yes, No"
Offerings: Cuisine (cuisine_types): Bengali (bengali),Yes/no,"Yes, No"
Offerings: Cuisine (cuisine_types): Chinese (chinese),Yes/no,"Yes, No"
Offerings: Cuisine (cuisine_types): Continental (continental),Yes/no,"Yes, No"
Offerings: Cuisine (cuisine_types): Goan (goan),Yes/no,"Yes, No"
Offerings: Cuisine (cuisine_types): Gujarati (gujarati),Yes/no,"Yes, No"
Offerings: Cuisine (cuisine_types): Italian (italian),Yes/no,"Yes, No"
Offerings: Cuisine (cuisine_types): Japanese (japanese),Yes/no,"Yes, No"
Offerings: Cuisine (cuisine_types): Maharashtrian (maharashtrian),Yes/no,"Yes, No"
Offerings: Cuisine (cuisine_types): Mexican (mexican),Yes/no,"Yes, No"
Offerings: Cuisine (cuisine_types): Middle Eastern (middle_eastern),Yes/no,"Yes, No"
Offerings: Cuisine (cuisine_types): Mughlai (mughlai),Yes/no,"Yes, No"
Offerings: Cuisine (cuisine_types): North Indian (north_indian),Yes/no,"Yes, No"
Offerings: Cuisine (cuisine_types): Rajasthani (rajasthani),Yes/no,"Yes, No"
Offerings: Cuisine (cuisine_types): South Indian (south_indian),Yes/no,"Yes, No"
Offerings: Cuisine (cuisine_types): Thai (thai),Yes/no,"Yes, No"
Offerings: Dancing (has_dancing),Yes/no,"Yes, No"
Offerings: Demographic information updates (offers_aadhaar_demographic_info_updating),Yes/no,"Yes, No"
Offerings: Diesel gas (sells_gas_diesel),Yes/no,"Yes, No"
Offerings: Dishes (dish_types): Biryani (biryani),Yes/no,"Yes, No"
Offerings: Dishes (dish_types): Burger (burger),Yes/no,"Yes, No"
Offerings: Dishes (dish_types): Chaat (chaat),Yes/no,"Yes, No"
Offerings: Dishes (dish_types): Fast food (fast_food),Yes/no,"Yes, No"
Offerings: Dishes (dish_types): Juice (juice),Yes/no,"Yes, No"
Offerings: Dishes (dish_types): Momo (momo),Yes/no,"Yes, No"
Offerings: Dishes (dish_types): Pizza (pizza),Yes/no,"Yes, No"
Offerings: Driving licenses (offers_driver_license),Yes/no,"Yes, No"
Offerings: Emergency services (offers_emergency_service),Yes/no,"Yes, No"
Offerings: Ethanol-free gas (sells_gas_ethanol_free),Yes/no,"Yes, No"
Offerings: Flowers (sells_cut_flowers),Yes/no,"Yes, No"
Offerings: Food (serves_food),Yes/no,"Yes, No"
Offerings: Food at bar (serves_food_at_bar),Yes/no,"Yes, No"
Offerings: Free air (has_free_air),Yes/no,"Yes, No"
Offerings: Free water refills (has_free_water_refills),Yes/no,"Yes, No"
Offerings: Full service gas (has_full_service_gas),Yes/no,"Yes, No"
Offerings: Furniture rental (has_furniture_rental),Yes/no,"Yes, No"
Offerings: Gift shop (has_gift_shop),Yes/no,"Yes, No"
Offerings: Golf carts (offers_golf_carts),Yes/no,"Yes, No"
Offerings: Grilling (allows_grilling),Yes/no,"Yes, No"
Offerings: Halal food (serves_halal_food),Yes/no,"Yes, No"
Offerings: Hand car wash (has_hand_car_wash),Yes/no,"Yes, No"
Offerings: Happy hour drinks (serves_happy_hour_drinks),Yes/no,"Yes, No"
Offerings: Happy hour food (serves_happy_hour_food),Yes/no,"Yes, No"
Offerings: Hard liquor (serves_liquor),Yes/no,"Yes, No"
Offerings: Has online care (has_video_visits),Yes/no,"Yes, No"
Offerings: IV therapy (has_iv_therapy),Yes/no,"Yes, No"
Offerings: Installation service (has_service_installation),Yes/no,"Yes, No"
Offerings: Kids' shoes (sells_shoes_for_children),Yes/no,"Yes, No"
Offerings: Kids' tours (has_tours_for_children),Yes/no,"Yes, No"
Offerings: Kids' toys (sells_toys_for_children),Yes/no,"Yes, No"
Offerings: LPG (offers_liquefied_petroleum_gas),Yes/no,"Yes, No"
Offerings: Late-night food (serves_late_night_food),Yes/no,"Yes, No"
Offerings: Lifeguard (has_lifeguard),Yes/no,"Yes, No"
Offerings: Matinees (has_matinees),Yes/no,"Yes, No"
Offerings: Men's clothing (sells_clothing_for_men),Yes/no,"Yes, No"
Offerings: Men's shoes (sells_shoes_for_men),Yes/no,"Yes, No"
Offerings: Mobile number updates (offers_aadhaar_mobile_number_updating),Yes/no,"Yes, No"
Offerings: Oil change (has_oil_change),Yes/no,"Yes, No"
Offerings: Onsite chapel (has_onsite_chapel),Yes/no,"Yes, No"
Offerings: Organic dishes (serves_organic),Yes/no,"Yes, No"
Offerings: Organic products (sells_organic_products),Yes/no,"Yes, No"
Offerings: PUC Certification (offers_pollution_under_control_certification),Yes/no,"Yes, No"
Offerings: Passport photos (has_onsite_passport_photos),Yes/no,"Yes, No"
Offerings: Pediatric care (offers_pediatric_care),Yes/no,"Yes, No"
Offerings: Pertamax fuel (offers_pertamax_fuel),Yes/no,"Yes, No"
Offerings: Pertamina Dex fuel (offers_pertamina_dex_fuel),Yes/no,"Yes, No"
Offerings: Pharmacy (has_pharmacy),Yes/no,"Yes, No"
Offerings: Post Office Savings Accounts (offers_postal_savings_account),Yes/no,"Yes, No"
Offerings: Prasad for purchase (offers_prasad),Yes/no,"Yes, No"
Offerings: Prepared foods (sells_food_prepared),Yes/no,"Yes, No"
Offerings: Private dining room (has_private_dining_room),Yes/no,"Yes, No"
Offerings: RV camping (allows_camping_vehicles_recreational),Yes/no,"Yes, No"
Offerings: RV electric hookup (has_rv_electric_hookup),Yes/no,"Yes, No"
Offerings: RV sewer hookup (has_rv_sewage_hookup),Yes/no,"Yes, No"
Offerings: RV water hookup (has_rv_water_hookup),Yes/no,"Yes, No"
Offerings: Repair services (has_service_repair),Yes/no,"Yes, No"
Offerings: Road tax payments (has_road_tax_payment_section),Yes/no,"Yes, No"
Offerings: Salad bar (has_salad_bar),Yes/no,"Yes, No"
Offerings: Sauna (has_sauna),Yes/no,"Yes, No"
Offerings: Sedation dentistry (offers_sedation_dentistry),Yes/no,"Yes, No"
Offerings: Service guarantee (has_service_guarantee),Yes/no,"Yes, No"
Offerings: Sing-along screenings (has_sing_alongs),Yes/no,"Yes, No"
Offerings: Skincare treatments (offers_skincare),Yes/no,"Yes, No"
Offerings: Small plates (serves_small_plates),Yes/no,"Yes, No"
Offerings: Speed Post (offers_speed_post),Yes/no,"Yes, No"
Offerings: Theater (has_theater),Yes/no,"Yes, No"
Offerings: Undercarriage cleaning (offers_undercarriage_cleaning),Yes/no,"Yes, No"
Offerings: Used goods (sells_goods_used),Yes/no,"Yes, No"
Offerings: Vegan options (serves_vegan),Yes/no,"Yes, No"
Offerings: Vegetarian options (serves_vegetarian),Yes/no,"Yes, No"
Offerings: Vegetarian options only (serves_vegetarian_only),Yes/no,"Yes, No"
Offerings: Vehicle registration (offers_vehicle_registration_certificate),Yes/no,"Yes, No"
Offerings: Wine (serves_wine),Yes/no,"Yes, No"
Offerings: Women prayer section (has_women_prayer_section),Yes/no,"Yes, No"
Offerings: Women's clothing (sells_clothing_for_women),Yes/no,"Yes, No"
Offerings: Women's shoes (sells_shoes_for_women),Yes/no,"Yes, No"
Offerings: X-ray (has_x_ray),Yes/no,"Yes, No"
Parking: Free parking garage (has_parking_garage_free),Yes/no,"Yes, No"
Parking: Free parking lot (has_parking_lot_free),Yes/no,"Yes, No"
Parking: Free street parking (has_parking_street_free),Yes/no,"Yes, No"
Parking: On-site parking (has_onsite_parking),Yes/no,"Yes, No"
Parking: Paid parking garage (has_parking_garage_paid),Yes/no,"Yes, No"
Parking: Paid parking lot (has_parking_lot_paid),Yes/no,"Yes, No"
Parking: Paid street parking (has_parking_street_paid),Yes/no,"Yes, No"
Parking: Valet parking (has_parking_valet),Yes/no,"Yes, No"
Payments: Admission fee (has_admission_fee),Yes/no,"Yes, No"
Payments: Alelo (accepts_alelo_meal_voucher),Yes/no,"Yes, No"
Payments: Bimpli (accepts_cheque_apetiz_meal_voucher),Yes/no,"Yes, No"
Payments: Camping fee (has_camping_fee),Yes/no,"Yes, No"
Payments: Cash-only (requires_cash_only),Yes/no,"Yes, No"
Payments: Checks (pay_check),Yes/no,"Yes, No"
Payments: Cheque Dejeuner (accepts_cheque_dejeuner_meal_voucher),Yes/no,"Yes, No"
Payments: Credit cards (pay_credit_card),Yes/no,"Yes, No"
Payments: Credit cards (pay_credit_card_types_accepted): American Express (american_express),Yes/no,"Yes, No"
Payments: Credit cards (pay_credit_card_types_accepted): China Union Pay (china_union_pay),Yes/no,"Yes, No"
Payments: Credit cards (pay_credit_card_types_accepted): Diners Club (diners_club),Yes/no,"Yes, No"
Payments: Credit cards (pay_credit_card_types_accepted): Discover (discover),Yes/no,"Yes, No"
Payments: Credit cards (pay_credit_card_types_accepted): JCB (jcb),Yes/no,"Yes, No"
Payments: Credit cards (pay_credit_card_types_accepted): MasterCard (mastercard),Yes/no,"Yes, No"
Payments: Credit cards (pay_credit_card_types_accepted): VISA (visa),Yes/no,"Yes, No"
Payments: Debit cards (pay_debit_card),Yes/no,"Yes, No"
Payments: Google Pay (pay_mobile_tez),Yes/no,"Yes, No"
Payments: Meal coupons (accepts_meal_coupons),Yes/no,"Yes, No"
Payments: NFC mobile payments (pay_mobile_nfc),Yes/no,"Yes, No"
Payments: PayPay (pay_epayment_paypay),Yes/no,"Yes, No"
Payments: Payment plans (accepts_payment_plan),Yes/no,"Yes, No"
Payments: Pluxee (accepts_sodexo_meal_voucher),Yes/no,"Yes, No"
Payments: Prepayment plan (accepts_prepayment_plan),Yes/no,"Yes, No"
Payments: Rakuten Pay (pay_epayment_rakuten_pay),Yes/no,"Yes, No"
Payments: Ticket Restaurant (accepts_ticket_restaurant_meal_voucher),Yes/no,"Yes, No"
Payments: Transit IC cards (pay_epayment_transit_ic),Yes/no,"Yes, No"
Payments: V-Money (pay_epayment_v_money),Yes/no,"Yes, No"
Payments: VR (accepts_vr_meal_voucher),Yes/no,"Yes, No"
Payments: au PAY (pay_epayment_aupay),Yes/no,"Yes, No"
Payments: dBarai (pay_epayment_dbarai),Yes/no,"Yes, No"
Pets: Dog park (has_dog_park),Yes/no,"Yes, No"
Pets: Dogs allowed (welcomes_dogs),Yes/no,"Yes, No"
Pets: Dogs allowed inside (allows_dogs_inside),Yes/no,"Yes, No"
Pets: Dogs allowed off leash (allows_dogs_offleash),Yes/no,"Yes, No"
Pets: Dogs allowed outside (allows_dogs_outside),Yes/no,"Yes, No"
Planning: Accepts new NHS patients (accepts_new_nhs_patients),Yes/no,"Yes, No"
Planning: Accepts reservations (accepts_reservations),Yes/no,"Yes, No"
Planning: Accepts walk-ins (accepts_walk_ins),Yes/no,"Yes, No"
Planning: Appointment required (requires_appointments),Yes/no,"Yes, No"
Planning: Dress code (has_dress_code),Yes/no,"Yes, No"
Planning: Eligibility requirement (requires_eligibility_verification),Yes/no,"Yes, No"
Planning: Membership required (requires_membership),Yes/no,"Yes, No"
Planning: Reservations required (requires_reservations),Yes/no,"Yes, No"
Popular for: Good for working on laptop (suitable_for_working_on_laptop),Yes/no,"Yes, No"
Recycling: Batteries (has_recycling_batteries),Yes/no,"Yes, No"
Recycling: Clothing (has_recycling_clothing),Yes/no,"Yes, No"
Recycling: Electronics (has_recycling_electronics),Yes/no,"Yes, No"
Recycling: Glass bottles (has_recycling_glass_bottles),Yes/no,"Yes, No"
Recycling: Hazardous household materials (has_recycling_household_hazardous_waste),Yes/no,"Yes, No"
Recycling: Ink cartridges (has_recycling_ink_cartridges),Yes/no,"Yes, No"
Recycling: Light bulbs (has_recycling_light_bulbs),Yes/no,"Yes, No"
Recycling: Metal cans (has_recycling_metal_cans),Yes/no,"Yes, No"
Recycling: Plastic bags (has_recycling_plastic_bags),Yes/no,"Yes, No"
Recycling: Plastic bottles (has_recycling_plastic_bottles),Yes/no,"Yes, No"
Recycling: Plastic foam (has_recycling_plastic_foam),Yes/no,"Yes, No"
Service options: Curbside pickup (has_curbside_pickup),Yes/no,"Yes, No"
Service options: Delivery (has_delivery),Yes/no,"Yes, No"
Service options: Dine-in (serves_dine_in),Yes/no,"Yes, No"
Service options: Drive-through (has_drive_through),Yes/no,"Yes, No"
Service options: Grocery pickup (has_grocery_pickup),Yes/no,"Yes, No"
Service options: In-store pickup (has_in_store_pickup),Yes/no,"Yes, No"
Service options: In-store shopping (has_in_store_shopping),Yes/no,"Yes, No"
Service options: Language assistance (languages_spoken): American Sign Language (american_sign_language_used),Yes/no,"Yes, No"
Service options: Language assistance (languages_spoken): Arabic (arabic_spoken),Yes/no,"Yes, No"
Service options: Language assistance (languages_spoken): Cantonese (cantonese_spoken),Yes/no,"Yes, No"
Service options: Language assistance (languages_spoken): English (english_spoken),Yes/no,"Yes, No"
Service options: Language assistance (languages_spoken): Filipino (filipino_spoken),Yes/no,"Yes, No"
Service options: Language assistance (languages_spoken): French (french_spoken),Yes/no,"Yes, No"
Service options: Language assistance (languages_spoken): German (german_spoken),Yes/no,"Yes, No"
Service options: Language assistance (languages_spoken): Haitian Creole (haitian_creole_spoken),Yes/no,"Yes, No"
Service options: Language assistance (languages_spoken): Hindi (hindi_spoken),Yes/no,"Yes, No"
Service options: Language assistance (languages_spoken): Italian (italian_spoken),Yes/no,"Yes, No"
Service options: Language assistance (languages_spoken): Korean (korean_spoken),Yes/no,"Yes, No"
Service options: Language assistance (languages_spoken): Mandarin (mandarin_spoken),Yes/no,"Yes, No"
Service options: Language assistance (languages_spoken): Polish (polish_spoken),Yes/no,"Yes, No"
Service options: Language assistance (languages_spoken): Portuguese (portuguese_spoken),Yes/no,"Yes, No"
Service options: Language assistance (languages_spoken): Romanian (romanian_spoken),Yes/no,"Yes, No"
Service options: Language assistance (languages_spoken): Russian (russian_spoken),Yes/no,"Yes, No"
Service options: Language assistance (languages_spoken): Spanish (spanish_spoken),Yes/no,"Yes, No"
Service options: Language assistance (languages_spoken): Ukrainian (ukrainian_spoken),Yes/no,"Yes, No"
Service options: Language assistance (languages_spoken): Vietnamese (vietnamese_spoken),Yes/no,"Yes, No"
Service options: Meal service (has_meal_service),Yes/no,"Yes, No"
Service options: No-contact delivery (has_no_contact_delivery),Yes/no,"Yes, No"
Service options: Online appointments (offers_online_appointments),Yes/no,"Yes, No"
Service options: Online classes (offers_online_classes),Yes/no,"Yes, No"
Service options: Online estimates (offers_online_estimates),Yes/no,"Yes, No"
Service options: Onsite services (has_onsite_services),Yes/no,"Yes, No"
Service options: Outdoor seating (has_seating_outdoors),Yes/no,"Yes, No"
Service options: Outdoor services (has_outdoor_services),Yes/no,"Yes, No"
Service options: Same-day delivery (has_delivery_same_day),Yes/no,"Yes, No"
Service options: Takeout (has_takeout),Yes/no,"Yes, No"
Service options: Visits patients (offers_home_visits),Yes/no,"Yes, No"
Service options: White glove service (has_white_glove_service),Yes/no,"Yes, No"
Place page URLs: Appointment links (url_appointment),URL,
Place page URLs: COVID-19 info link (url_covid_19_info_page),URL,
Place page URLs: Facebook (url_facebook),URL,
Place page URLs: Instagram (url_instagram),URL,
Place page URLs: Inventory search URL (url_inventory_search),URL,
Place page URLs: Linkedin (url_linkedin),URL,
Place page URLs: Menu or services link (url_menu),URL,
Place page URLs: Order ahead links (url_order_ahead),URL,
Place page URLs: Pinterest (url_pinterest),URL,
Place page URLs: Reservations links (url_reservations),URL,
Place page URLs: Texting number (url_text_messaging),URL,
Place page URLs: Tiktok (url_tiktok),URL,
Place page URLs: Twitter (url_twitter),URL,
Place page URLs: WhatsApp (url_whatsapp),URL,
Place page URLs: Youtube (url_youtube),URL,
Amenities: Bath towels for day-use visitors (day_use_bath_towel_availability),Selection,"No (day_use_bath_towel_unavailable), Yes (day_use_bath_towel_available), Yes (free) (day_use_bath_towel_free), Yes (paid) (day_use_bath_towel_paid)"
Amenities: Body wash (body_wash_availability),Selection,"No (body_wash_unavailable), Yes (body_wash_available), Yes (free) (body_wash_free), Yes (paid) (body_wash_paid)"
Amenities: Hair conditioner (hair_conditioner_availability),Selection,"No (hair_conditioner_unavailable), Yes (hair_conditioner_available), Yes (free) (hair_conditioner_free), Yes (paid) (hair_conditioner_paid)"
Amenities: Hair dryers (hair_dryer_availability),Selection,"No (hair_dryer_unavailable), Yes (hair_dryer_available), Yes (free) (hair_dryer_free), Yes (paid) (hair_dryer_paid)"
Amenities: Hand towels for day-use visitors (day_use_hand_towel_availability),Selection,"No (day_use_hand_towel_unavailable), Yes (day_use_hand_towel_available), Yes (free) (day_use_hand_towel_free), Yes (paid) (day_use_hand_towel_paid)"
Amenities: In-room kitchens (kitchen_in_room),Selection,"All rooms (kitchens_in_all_rooms), Some rooms (kitchens_in_some_rooms)"
Amenities: Loungewear for day-use visitors (day_use_loungewear_availability),Selection,"No (day_use_loungewear_unavailable), Yes (day_use_loungewear_available), Yes (free) (day_use_loungewear_free), Yes (paid) (day_use_loungewear_paid)"
Amenities: Shampoo (shampoo_availability),Selection,"No (shampoo_unavailable), Yes (shampoo_available), Yes (free) (shampoo_free), Yes (paid) (shampoo_paid)"
Amenities: Wi-Fi (wi_fi),Selection,"Free (free_wi_fi), Paid (paid_wi_fi)"
